template,query,trimmed_seq,recalculated_rmsd
6YD0_core.pdb,AFUni50min_format5_6YD0_core_AF-A0A100I7D0-F1-model_v4,VEPRFMEVLKPVLAFVDFGEYPAMKCTAMLIDTVENPELRQGYLAQMIDEVRHTNQEAYLMRYFAKHAPDPAGFNSGFEMRANDPIGRPARAVFEAFMNDDPITNSLNLQVVAETAYTNPLFVSLTEVAAANGDQATPSVFLSVQSDEARHMANGYATLAAVLSE,0.4151044487953186
6YD0_core.pdb,AFUni50min_format5_6YD0_core_AF-L7V493-F1-model_v4,VEPRFMEVLKPVLAFVDFGEYPAMKCTAMLIDTVENPELRQGYLAQMIDEVRHTNQEAYLMRYFAKHAPDPAGFNSGFEMRANDPIGRPARAVFEAFMNDDPITNSLNLQVVAETAYTNPLFVSLTEVAAANGDQATPSVFLSVQSDEARHMANGYATLAAVLSE,0.4107237458229065
6YD0_core.pdb,AFUni50min_format5_6YD0_core_AF-A0A7Y3M6H3-F1-model_v4,ASERWSEILKIALPVLTFGEYGAMKCCGQLIDTVDNAALRQGYMAQMLDEVRHINQETYLNRYMAKHAPDPEGFDRAVPLKSLNVFGRASQSALECFFVGDPIEGALNLQVVAETAYTNSIFVAMTQMAAQNGDQATPTVFLSIQSDEARHMANGYSTLAAVLAE,0.5414798259735107
6YD0_core.pdb,AFUni50min_format5_6YD0_core_AF-A0A2H4MZK2-F1-model_v4,AEPRFMEAMKFAVPALTDAEYQAVCGAGFLISSVKNQELRQGYAGQMLDEVRHAQLEINLRKYYLKNYHDPAGFDIGQIALGNHPIGTLARASFQPFNTGDPIEVAMCLGVVLETAYTNPLVVALPQVAMVNGDHAMPTTFLSIQSDESRHMANGYATLMACLES,0.6045385599136353
6YD0_core.pdb,AFUni50min_format5_6YD0_core_AF-A0A3N0GIB9-F1-model_v4,AEPRFMEAMKFAVPAFTDAEYQAVCGAGFLISSVKNQELRQGYAGQMLDEVRHTQLEVALRKYYLKNYHDPAGFDIGQQALGNHPVGTLARASFQPFNTGDPIEVSMCLGVVLETAYTNPLVVALPQVATVNGDQAMPSTFLSIQSDESRHMANGYSTLMACLEA,0.6121796369552612
6YD0_core.pdb,AFUni50min_format5_6YD0_core_AF-A0A292YSS3-F1-model_v4,APLRWLELLKPYLLTVISAEAAATRCMGMLVDAIDDPELQNAYYIQQLDEQRHTAMQMNLYRWYMKNMPEPVGWNLGLQAVGGDSILVAAQNLTGSFMTGDPFQAAVALQVVVETAFTNTILVAFPDVAVRNHDFALPTVMNSVQSDEARHINNGYATLLYLLQE,0.6450350880622864
6YD0_core.pdb,AFUni50min_format5_6YD0_core_AF-A0A428WRF8-F1-model_v4,VQERWMEWQKLFLSIIPFPEISAARAMPLAIDAVPNPQIHNGLAVQMIDEVRHSTIQMNLKRLYMNHYIDPAGFDITEKAFANSYCGTIGRQFGEGFITGDAITAANVYLTLVAETAFTNTLFVAMPSEAAANGDYLLPTVFHSVQSDESRHISNGYSILLMALAD,0.7519639134407043
6YD0_core.pdb,AFUni50min_format5_6YD0_core_AF-A0A7K0PFX0-F1-model_v4,AETRWLEILKPFVAVTNFAEVGAGRCMSMLIDAIPINELRNGYHVQFVDEVRHEGMQMSLARWYGKHVPEPAGWGLGNQELGNNFITAAGLNMLSHFMVGDPIQCAFTLQVVAETAFTNVVFVAVPDVAARNGDFALPTTYLSVQSDEARHISNGYATLLTVLQD,0.7710120677947998
6YD0_core.pdb,AFUni50min_format5_6YD0_core_AF-L7L0U0-F1-model_v4,VQERWLEWQKLFLSIIPFPEISAARAMPMAIDAVPNPEIHNGLAVQMIDEVRHSTIQMNLKKLYMNNYIDPAGFDITEKAFANNYAGTIGRQFGEGFITGDAITAANIYLTVVAETAFTNTLFVAMPDEAAANGDYLLPTVFHSVQSDESRHISNGYSILLMALAD,0.5381770133972168
6YD0_core.pdb,AFUni50min_format5_6YD0_core_AF-A0A6N7HWF8-F1-model_v4,VQERWLEWQKLFLSIIPLPEISAARAMPLLFRTVPNPELHNGQAIQMIDEVRHSTIQQNLKRLYMQNYIDPAGFNSSLRNFQNDYCGTIGRQFAEGFITGDAITAASIYLTIVAETAFTNTLFVAMPAEAAANGDYLLPTVFHSVQSDESRHISNGYATLLMALSD,0.7160711288452148
6YD0_core.pdb,AFUni50min_format5_6YD0_core_AF-E0ZMN2-F1-model_v4,VQQRWLEWQKLFLSIIPFPEISAARAMPMAIDAVPNPEIHNGLAVQMIDEVRHSTIQMNLKKLYMNNYIDPAGFDMTEKAFANNYAGTIGRQFGEGFITGDAITAANIYLTVVAETAFTNTLFVAMPDEAAANGDYLLPTVFHSVQSDESRHISNGYSILLMALAD,0.7471966743469238
6YD0_core.pdb,AFUni50min_format5_6YD0_core_AF-A0A7I9XU41-F1-model_v4,VQERWMEWQKLFLSIIPLPEISAARAMPLLMDAVPNPELHNTLAIQMIDEVRHSTIQQNLKRIYMKNYIDPAGFNSSLRSFQNNYAGTIGRQFAEGFITGDAVTAANVYLQIVAETAFTNTLFVAMPGEAAANGDYLLPTVFHSVQSDESRHISNGYATLLMALAD,0.7621601223945618
6YD0_core.pdb,AFUni50min_format5_6YD0_core_AF-A0A529I5L5-F1-model_v4,VEPRWVEWMKLFLAIIPFPEISAARSMAMVARLAPGEDLRTGFTMQMVDEFRHSTIQMNLKKWYMENYIDPAGFDITEEAFGKCYATTIGRQFGEGFITGDTMTAACMYLTVVAETAFTNTLFVAMPSEAARNGDYALPTVFLSVQSDESRHIGNGHSLLMAALKE,0.5537015795707703
6YD0_core.pdb,AFUni50min_format5_6YD0_core_AF-A0A848L167-F1-model_v4,VQERWLEWQKLFLSIIPFPEISAARAMPMAIDAVPNPEIHNGLAVQMIDEVRHSTIQMNLKKLYMNNYIDPAGFDITEKAFANNYAGTIGRQFGEGFITGDAITAANIYLTVVAETAFTNTLFVAMPDEAAANGDYLLPTVFHSVQSDESRHISNGYSILLMALAD,0.8511510491371155
6YD0_core.pdb,AFUni50min_format5_6YD0_core_AF-Q2XSA8-F1-model_v4,GDEITPTIFLSIQSDEMRHLANGYQTIVSVAHD,0.3675280809402466
6YD0_core.pdb,AFUni50min_format5_6YD0_core_AF-A0A530ZH15-F1-model_v4,VEPRWVEWMKLFLAIIPFPEISAARSMAMVARIAPGEELRTGFTMQMIDEFRHSTIQMNLKKWYMENYIDPAGFDITEEAFGKCYATTIGRQFAEGFITGDTMTAACMYLTVVAETAFTNTLFVAMPSEAARNGDYALPTVFLSVQSDESRHIGNGHSLLMAALKE,0.7393891215324402
6YD0_core.pdb,AFUni50min_format5_6YD0_core_AF-A0A7Y3GXV7-F1-model_v4,PDRRWMEAMKFGLSNLVGLEYSAARQMGRMARSVAPTELRQGYMMQMLDEMRHAQLEMNALRHNIRNWHDPAGYDIALRAAGSSVGAGIFRSMIEDFMTCDPVETSLGLQIFIETAYTNFFFVGLSSAAAAHGDDVLVSTMLTIQSDESRHMANGWATLATLLQD,0.7254948019981384
6YD0_core.pdb,AFUni50min_format5_6YD0_core_AF-A0A3S1E5B5-F1-model_v4,VEPRWVEWMKLFLAIIPFPEISAARSMAMVARLAPGEDLRTGFTMQMVDEFRHSTIQMNLKKWYMENYIDPAGFDITEEAFGKCYATTIGRQFGEGFITGDTMTAACMYLTVVAETAFTNTLFVAMPSEAARNGDYALPTVFLSVQSDESRHIGNGHSLLMAALKE,0.5179598927497864
6YD0_core.pdb,AFUni50min_format5_6YD0_core_AF-A0A6J4RVF4-F1-model_v4,VQERWMEWQKLFLSIIPFPEISAARAMPLTIGTVPNPEVHNGLAIQMIDEVRHSTIQMNLKRLYMNHYIDPAGFDLTEKGFANCYAGTIGRQFGEGFITGDAITAANVYLTIVAETAFTNTLFVAMPGEAAANGDYLLPTVFHSVQSDESRHISNGYSIILMALAD,0.8187114000320435
6YD0_core.pdb,AFUni50min_format5_6YD0_core_AF-A0A853CI87-F1-model_v4,VQERWLEWQKLFLSIIPLPEVSAARSMPMLFHVVPNPELHNGQAIQMIDEVRHSTIQQNLKRLYMNNYIDPAGFNNSLRNFHNDYCGTIGRQFAEGFITGDAITAASIYLTIVAETAFTNTLFVAMPAEAAANGDYLLPTVFHSVQSDESRHISNGYATLLMALSD,0.7550012469291687
6YD0_core.pdb,AFUni50min_format5_6YD0_core_AF-A0A530NM45-F1-model_v4,VEPRWVEWMKLFLAIIPFPEISAARSMAMVARLAPGEDLRTGFTMQMVDEFRHSTIQMNLKKWYMENYIDPAGFDITEEAFGKCYATTIGRQFGEGFITGDTMTAACMYLTVVAETAFTNTLFVAMPSEAARNGDYALPTVFLSVQSDESRHIGNGHSLLMAALKE,0.6328051090240479
6YD0_core.pdb,AFUni50min_format5_6YD0_core_AF-A0A7V9HG83-F1-model_v4,VQERWMEWQKLFLSIIPFPEISAARAMPLTIGCVPNPELHNGLAIQMIDEVRHSTIQMNLKRLYMNHYVDPAGFDISEKAFSNCYAGTIGRQFGEGFITGDAITAANVYLTIVAETAFTNVLFVAMPAEAAANGDYLLPTVFHSVQSDESRHISNGYSIILMALAD,0.7919525504112244
6YD0_core.pdb,AFUni50min_format5_6YD0_core_AF-A0A402CFA6-F1-model_v4,VQQRWLEWQKLFLSIIPFPEISAARAMPMAIDAVPNPEIHNGLAVQMIDEVRHSTIQMNLKKLYMNNYIDPAGFDMTEKAFANNYAGTIGRQFGEGFITGDAITSANIYLTVVAETAFTNTLFVAMPDEAAANGDYLLPTVFHSVQSDESRHISNGYSILLMALAD,0.9190661311149597
6YD0_core.pdb,AFUni50min_format5_6YD0_core_AF-A0A528CNK9-F1-model_v4,VEPRWVEWMKLFLAIIPFPEISAARSMAMVARIAPGEELRTGFTMQMIDEFRHSTIQMNLKKWYMENYIDPAGFDITEEAFGKCYATTIGRQFAEGFITGDTMTAFTNTLFVAMPSEAARNGDYALPTVFLSVQSDESRHIGNGHSLLMAALKE,0.7205241918563843
6YD0_core.pdb,AFUni50min_format5_6YD0_core_AF-J9PGI9-F1-model_v4,VSDGRYVNTLKLFLTGISPEEYSAHRMFAMLGRNFAGVGPQIAAQMQSIDELRHAQTQIHTISQYNKYFNGMHDPRHMHDRVWYLSVPKSYFEDAMTAGPFEGIVAISFSFEYVLTNLIFMPFMSAAAYNGDMATATFGFSAQSDESRHMTLGLEVIKFLLEQD,1.7823266983032227
6YD0_core.pdb,AFUni50min_format5_6YD0_core_AF-Q93I44-F1-model_v4,VSDARYVNALKLFIQGVAPLEYHAHHGFAHAGRHFTGAGARVAGQMQAIDELRHVQTQTHALSHYNKHFNGMHSSSHWFDRVWFLSVPKSFFEDALSAGPFEFLTAMSFSFEYVLTNLLFVPFMSGAAHNGDLSTVTFGFSAQSDESRHMTLGLEGIKFMLEQD,1.4085341691970825
